{
  "counts": {
    "gnn": 1000,
    "dqn": 1000,
    "dp": 1000
  },
  "feasible_rate": {
    "dp": 1.0,
    "gnn": 1.0,
    "dqn": 1.0
  },
  "avg_time_ms": {
    "dp": 2.21134019937017,
    "gnn": 2.139117299753707,
    "dqn": 19.718995100249998
  },
  "avg_gap": {
    "gnn": 0.016803372022849494,
    "dqn": 0.1515573191742895
  }
}